/*
SQLyog Community v13.2.1 (64 bit)
MySQL - 10.3.22-MariaDB : Database - face_recognition
*********************************************************************
*/

/*!40101 SET NAMES utf8 */;

/*!40101 SET SQL_MODE=''*/;

/*!40014 SET @OLD_UNIQUE_CHECKS=@@UNIQUE_CHECKS, UNIQUE_CHECKS=0 */;
/*!40014 SET @OLD_FOREIGN_KEY_CHECKS=@@FOREIGN_KEY_CHECKS, FOREIGN_KEY_CHECKS=0 */;
/*!40101 SET @OLD_SQL_MODE=@@SQL_MODE, SQL_MODE='NO_AUTO_VALUE_ON_ZERO' */;
/*!40111 SET @OLD_SQL_NOTES=@@SQL_NOTES, SQL_NOTES=0 */;
CREATE DATABASE /*!32312 IF NOT EXISTS*/`face_recognition` /*!40100 DEFAULT CHARACTER SET utf8mb4 COLLATE utf8mb4_unicode_ci */;

USE `face_recognition`;

/*Table structure for table `grades` */

DROP TABLE IF EXISTS `grades`;

CREATE TABLE `grades` (
  `id` int(11) NOT NULL AUTO_INCREMENT,
  `user_id` int(11) NOT NULL,
  `subject` varchar(100) COLLATE utf8mb4_unicode_ci DEFAULT NULL,
  `grade_value` int(11) NOT NULL,
  `grade_date` date DEFAULT curdate(),
  PRIMARY KEY (`id`),
  KEY `user_id` (`user_id`),
  CONSTRAINT `grades_ibfk_1` FOREIGN KEY (`user_id`) REFERENCES `users` (`id`)
) ENGINE=InnoDB AUTO_INCREMENT=38 DEFAULT CHARSET=utf8mb4 COLLATE=utf8mb4_unicode_ci;

/*Data for the table `grades` */

insert  into `grades`(`id`,`user_id`,`subject`,`grade_value`,`grade_date`) values 
(1,1,'Математика',8,'2025-09-01'),
(2,2,'Физика',9,'2025-09-02'),
(3,3,'Химия',7,'2025-09-03'),
(4,4,'Биология',8,'2025-09-01'),
(5,5,'Английский',9,'2025-09-02'),
(6,1,'История',8,'2025-09-03'),
(7,2,'Математика',9,'2025-09-04'),
(8,3,'Физика',8,'2025-09-05'),
(9,4,'Химия',7,'2025-09-06'),
(10,5,'Биология',8,'2025-09-07'),
(11,1,'Английский',8,'2025-09-08'),
(12,2,'История',7,'2025-09-09'),
(13,3,'Математика',9,'2025-09-10'),
(14,4,'Физика',8,'2025-09-11'),
(15,5,'Химия',8,'2025-09-12'),
(16,1,'Биология',9,'2025-09-13'),
(17,2,'Английский',8,'2025-09-14'),
(18,3,'История',7,'2025-09-15'),
(19,4,'Математика',9,'2025-09-16'),
(20,5,'Физика',9,'2025-09-17'),
(21,4,'Русский язык',9,'2025-09-04'),
(22,4,'Русский язык',10,'2025-09-09'),
(23,26,'Русский язык',8,'2025-09-03'),
(24,26,'Русский язык',10,'2025-09-08'),
(25,6,'Русский язык',8,'2025-09-01'),
(26,6,'Русский язык',7,'2025-09-07'),
(27,6,'Русский язык',10,'2025-09-10'),
(28,27,'Русский язык',9,'2025-09-04'),
(29,27,'Русский язык',10,'2025-09-09'),
(30,21,'Русский язык',8,'2025-09-02'),
(31,21,'Русский язык',9,'2025-09-06'),
(32,21,'Русский язык',10,'2025-09-11'),
(33,21,'Русский язык',7,'2025-09-08'),
(34,27,'Русский язык',8,'2025-09-05'),
(35,4,'Русский язык',9,'2025-09-07'),
(36,4,'Русский язык',10,'2025-09-10'),
(37,4,'Русский язык',7,'2025-09-12');

/*Table structure for table `register` */

DROP TABLE IF EXISTS `register`;

CREATE TABLE `register` (
  `id` int(11) NOT NULL AUTO_INCREMENT,
  `name` varchar(100) COLLATE utf8mb4_unicode_ci NOT NULL,
  `surname` varchar(100) COLLATE utf8mb4_unicode_ci NOT NULL,
  `date` date NOT NULL,
  `email` varchar(100) COLLATE utf8mb4_unicode_ci NOT NULL,
  `gender` enum('male','female') COLLATE utf8mb4_unicode_ci DEFAULT NULL,
  `login` varchar(100) COLLATE utf8mb4_unicode_ci NOT NULL,
  `password` varchar(100) COLLATE utf8mb4_unicode_ci NOT NULL,
  PRIMARY KEY (`id`)
) ENGINE=InnoDB AUTO_INCREMENT=4 DEFAULT CHARSET=utf8mb4 COLLATE=utf8mb4_unicode_ci;

/*Data for the table `register` */

insert  into `register`(`id`,`name`,`surname`,`date`,`email`,`gender`,`login`,`password`) values 
(1,'Мижгона','Рустами','2008-05-13','mizhgonarustami@gmail.com','female','admin','admin'),
(2,'Мижгона','Рустами','2008-05-13','mizhgonarustami@gmail.com','female','mizhgona','mizhgona'),
(3,'Мижгона','Рустами','2008-05-13','mizhgonarustami@gmail.com','female','mizhgon','mizhgon');

/*Table structure for table `schedule` */

DROP TABLE IF EXISTS `schedule`;

CREATE TABLE `schedule` (
  `schedule_id` int(11) NOT NULL AUTO_INCREMENT,
  `grade` int(11) NOT NULL,
  `class` varchar(100) COLLATE utf8mb4_unicode_ci NOT NULL,
  `day_of_week` enum('Monday','Friday','Saturday','Tuesday','Thursday','Wednesday') COLLATE utf8mb4_unicode_ci DEFAULT NULL,
  `lesson_number` int(11) NOT NULL,
  `subject` varchar(100) COLLATE utf8mb4_unicode_ci NOT NULL,
  `teacher_id` int(11) DEFAULT NULL,
  `room` varchar(100) COLLATE utf8mb4_unicode_ci NOT NULL,
  PRIMARY KEY (`schedule_id`)
) ENGINE=InnoDB AUTO_INCREMENT=349 DEFAULT CHARSET=utf8mb4 COLLATE=utf8mb4_unicode_ci;

/*Data for the table `schedule` */

insert  into `schedule`(`schedule_id`,`grade`,`class`,`day_of_week`,`lesson_number`,`subject`,`teacher_id`,`room`) values 
(209,8,'A','Monday',1,'География',6,'100'),
(210,8,'A','Monday',2,'Биология',6,'101'),
(211,8,'A','Monday',3,'Технология',6,'105'),
(212,8,'A','Monday',4,'Алгебра',6,'103'),
(213,8,'A','Monday',5,'Химия',6,'100'),
(214,8,'A','Tuesday',1,'Государственный язык',4,'201'),
(215,8,'A','Tuesday',2,'Основы государство и права',4,'145'),
(216,8,'A','Tuesday',3,'Алифбои ниёгон',4,'209'),
(217,8,'A','Tuesday',4,'Физика',4,'200'),
(218,8,'A','Tuesday',5,'Английский язык',4,'100'),
(229,8,'A','Thursday',1,'Литература',9,'100'),
(230,8,'A','Thursday',2,'Физ.культура',9,'111'),
(231,8,'A','Thursday',3,'Физика',9,'110'),
(232,8,'A','Thursday',4,'Геометрия',9,'106'),
(233,8,'A','Friday',1,'И.Т.Н',9,'304'),
(234,8,'A','Friday',2,'Русский язык',9,'211'),
(235,8,'A','Friday',3,'Английский язык',9,'105'),
(236,8,'A','Friday',4,'Черчение',6,'106'),
(237,8,'A','Friday',5,'Физ.культура',6,'Gym'),
(238,8,'A','Friday',6,'Химия',9,'109'),
(239,8,'A','Saturday',1,'Алифбои ниёгон',8,'105'),
(240,8,'A','Saturday',2,'Всеобщая история',8,'111'),
(241,8,'A','Saturday',3,'Алгебра',8,'105'),
(242,8,'A','Saturday',4,'Биология',6,'106'),
(243,8,'A','Saturday',5,'Русский язык',9,'201'),
(244,8,'A','Wednesday',1,'Таджикский язык',6,'100'),
(245,8,'A','Wednesday',2,'Литература',6,'101'),
(246,8,'A','Wednesday',3,'Физика',6,'102'),
(247,8,'A','Wednesday',4,'Алгебра',6,'209'),
(248,8,'A','Wednesday',5,'Информатика',6,'201'),
(249,8,'B','Monday',1,'Биология',4,'201'),
(250,8,'B','Monday',2,'Технология',6,'145'),
(251,8,'B','Monday',3,'И.Т.Н.',7,'105'),
(252,8,'B','Monday',4,'Русский язык',8,'200'),
(253,8,'B','Monday',5,'Таджикский язык',6,'201'),
(254,8,'B','Monday',6,'Алгебра',9,'109'),
(255,8,'B','Tuesday',1,'Алгебра',4,'105'),
(256,8,'B','Tuesday',2,'Физика',8,'112'),
(257,8,'B','Tuesday',3,'Английский язык',4,'116'),
(258,8,'B','Tuesday',4,'Алифбои ниёгон',6,'103'),
(259,8,'B','Wednesday',1,'Русский язык',4,'105'),
(260,8,'B','Wednesday',2,'География',8,'111'),
(261,8,'B','Wednesday',3,'Информатика',9,'110'),
(262,8,'B','Wednesday',4,'Литература',4,'200'),
(263,8,'B','Wednesday',5,'Английский язык',6,'100'),
(264,8,'B','Thursday',1,'Физ.культура',10,'100'),
(265,8,'B','Thursday',2,'Физика',10,'105'),
(266,8,'B','Thursday',3,'Биология',4,'110'),
(267,8,'B','Thursday',4,'Таджикский язык',8,'115'),
(268,8,'B','Thursday',5,'Литература',6,'109'),
(269,8,'B','Friday',1,'Физика',4,'113'),
(270,8,'B','Friday',2,'Химия',6,'145'),
(271,8,'B','Friday',3,'Всеобщая история',8,'209'),
(272,8,'B','Friday',4,'Физ.культура',4,'200'),
(273,8,'B','Saturday',1,'Алгебра',6,'201'),
(274,8,'B','Saturday',2,'Алифбои ниёгон',9,'145'),
(275,8,'B','Saturday',3,'Основы государство и права',8,'102'),
(276,8,'B','Saturday',4,'Черчение',8,'103'),
(277,8,'B','Saturday',5,'Геометрия',6,'100'),
(278,8,'B','Saturday',6,'Химия',9,'109'),
(279,8,'C','Monday',1,'И.Т.Н',6,'105'),
(280,8,'C','Monday',2,'География',6,'101'),
(281,8,'C','Monday',3,'Алгебра',6,'105'),
(282,8,'C','Monday',4,'Технология',8,'209'),
(283,8,'C','Monday',5,'Информатика',4,'203'),
(284,8,'C','Monday',6,'Химия',9,'109'),
(285,8,'C','Tuesday',1,'Физика',6,'105'),
(286,8,'C','Tuesday',2,'Таджикский язык',8,'101'),
(287,8,'C','Tuesday',3,'Алгебра',7,'105'),
(288,8,'C','Tuesday',4,'Черчение',8,'106'),
(289,8,'C','Tuesday',5,'Алифбои ниёгон',6,'201'),
(290,8,'C','Tuesday',6,'Физ.культура',9,'109'),
(291,8,'C','Wednesday',1,'Биология',4,'100'),
(292,8,'C','Wednesday',2,'Английский язык',6,'101'),
(293,8,'C','Wednesday',3,'Литература',9,'105'),
(294,8,'C','Wednesday',4,'Химия',4,'115'),
(295,8,'C','Wednesday',5,'Физика',6,'203'),
(296,8,'C','Thursday',1,'Физика',9,'100'),
(297,8,'C','Thursday',2,'Алгебра',6,'101'),
(298,8,'C','Thursday',3,'Таджикский язык',6,'105'),
(299,8,'C','Thursday',4,'Геометрия',8,'106'),
(300,8,'C','Friday',1,'Литература',9,'105'),
(301,8,'C','Friday',2,'Всеобщая история',6,'101'),
(302,8,'C','Friday',3,'Основы государство и права',9,'105'),
(303,8,'C','Friday',4,'Русский язык',8,'200'),
(304,8,'C','Friday',5,'Английский язык',6,'100'),
(305,8,'C','Saturday',1,'Физ.культура',6,'100'),
(306,8,'C','Saturday',2,'Русский язык',8,'101'),
(307,8,'C','Saturday',3,'Биология',9,'105'),
(308,8,'C','Saturday',4,'Алифбои ниёгон',8,'200'),
(309,8,'G','Monday',1,'Технология',6,'105'),
(310,8,'G','Monday',2,'Алгебра',8,'145'),
(311,8,'G','Monday',3,'Биология',6,'105'),
(312,8,'G','Monday',4,'Информатика',8,'209'),
(313,8,'G','Tuesday',1,'Алифбои ниёгон',4,'105'),
(314,8,'G','Tuesday',2,'Алгебра',6,'101'),
(315,8,'G','Tuesday',3,'Таджикский язык',7,'209'),
(316,8,'G','Tuesday',4,'Основы государства и права',4,'115'),
(317,8,'G','Tuesday',5,'Физ.культура',6,'Gym'),
(318,8,'G','Wednesday',1,'Английский язык',4,'105'),
(319,8,'G','Wednesday',2,'Физика',8,'101'),
(320,8,'G','Wednesday',3,'Биология',6,'102'),
(321,8,'G','Wednesday',4,'Таджикский язык',6,'200'),
(322,8,'G','Wednesday',5,'Литература',4,'100'),
(323,8,'G','Thursday',1,'Геометрия',4,'100'),
(324,8,'G','Thursday',2,'Всеобщая история',8,'101'),
(325,8,'G','Thursday',3,'Черчение',9,'209'),
(326,8,'G','Thursday',4,'Физика',6,'103'),
(327,8,'G','Thursday',5,'Русский язык',6,'208'),
(328,8,'G','Friday',1,'Химия',6,'100'),
(329,8,'G','Friday',2,'Физика',6,'145'),
(330,8,'G','Friday',3,'Литература',7,'102'),
(331,8,'G','Friday',4,'Английский язык',8,'209'),
(332,8,'G','Friday',5,'География',6,'109'),
(333,8,'G','Saturday',1,'И.Т.Н',6,'100'),
(334,8,'G','Saturday',2,'Алгебра',8,'145'),
(335,8,'G','Saturday',3,'Химия',9,'102'),
(336,8,'G','Saturday',4,'Русский язык',6,'106'),
(337,8,'G','Saturday',5,'Физ.культура',4,'201'),
(338,8,'G','Saturday',6,'Алифбои ниёгон',9,'109'),
(339,9,'A','Monday',1,'Русский язык',9,'105'),
(340,9,'A','Monday',2,'Алгебра',8,'145'),
(341,9,'A','Monday',3,'Химия',9,'102'),
(342,9,'A','Monday',4,'Физика',6,'106'),
(343,9,'A','Monday',5,'И.Т.Н',6,'100'),
(344,9,'A','Tuesday',1,'Черчение',4,'100'),
(345,9,'A','Tuesday',2,'Таджикский язык',9,'201'),
(346,9,'A','Tuesday',3,'Физ.культура',6,'Gym'),
(347,9,'A','Tuesday',4,'Всеобщая история',8,'109'),
(348,9,'A','Tuesday',5,'Физика',6,'200');

/*Table structure for table `students` */

DROP TABLE IF EXISTS `students`;

CREATE TABLE `students` (
  `id` int(11) NOT NULL AUTO_INCREMENT,
  `user_id` int(11) DEFAULT NULL,
  `nickname` varchar(100) COLLATE utf8mb4_unicode_ci NOT NULL,
  `password` varchar(100) COLLATE utf8mb4_unicode_ci NOT NULL,
  PRIMARY KEY (`id`)
) ENGINE=InnoDB AUTO_INCREMENT=2 DEFAULT CHARSET=utf8mb4 COLLATE=utf8mb4_unicode_ci;

/*Data for the table `students` */

insert  into `students`(`id`,`user_id`,`nickname`,`password`) values 
(1,4,'mizhgona','1234');

/*Table structure for table `teachers` */

DROP TABLE IF EXISTS `teachers`;

CREATE TABLE `teachers` (
  `id` int(11) NOT NULL AUTO_INCREMENT,
  `name` varchar(100) COLLATE utf8mb4_unicode_ci NOT NULL,
  `surname` varchar(100) COLLATE utf8mb4_unicode_ci NOT NULL,
  `patronymic` varchar(100) COLLATE utf8mb4_unicode_ci DEFAULT NULL,
  `birth` date DEFAULT NULL,
  `gender` enum('male','female') COLLATE utf8mb4_unicode_ci DEFAULT NULL,
  `subject` varchar(100) COLLATE utf8mb4_unicode_ci DEFAULT NULL,
  `category_of_specialty` enum('1','2','highest') COLLATE utf8mb4_unicode_ci DEFAULT NULL,
  `image` varchar(100) COLLATE utf8mb4_unicode_ci DEFAULT NULL,
  `age` int(11) DEFAULT NULL,
  PRIMARY KEY (`id`)
) ENGINE=InnoDB AUTO_INCREMENT=11 DEFAULT CHARSET=utf8mb4 COLLATE=utf8mb4_unicode_ci;

/*Data for the table `teachers` */

insert  into `teachers`(`id`,`name`,`surname`,`patronymic`,`birth`,`gender`,`subject`,`category_of_specialty`,`image`,`age`) values 
(1,'$name','$surname','$patronymic','2001-10-10','male','$subject','1',NULL,45),
(2,'Асалбону','Рахматчонова','Зарифчоновна','2008-06-15','female','Информатика','highest',NULL,18),
(3,'Хусейн','Ачилов','','1985-09-20','male','Информатика','highest',NULL,40),
(4,'Мохира','Икромова','Домлочоновна','1984-10-15','female','Информатика','highest',NULL,43),
(5,'Равшан','Воситов','Мухаммадчонович','1980-05-12','male','Информатика','highest',NULL,35),
(6,'Матлюба','Каримова','Ахмедчоновна','1955-04-15','female','Забони давлатӣ','highest',NULL,70),
(7,'Фирдавс','Раззоков','Абдусаломзода','2004-02-03','male','Информатика','1',NULL,21),
(8,'Фируза','Бакоева','Рашидовна','1979-06-02','female','Русский язык','highest',NULL,46),
(9,'Истат','Атаева','Ганиевна','1970-07-24','female','Русский язык','highest',NULL,50),
(10,'Мусабия','Зияева','Негматовна','1970-07-28','female','Русский язык','1',NULL,50);

/*Table structure for table `users` */

DROP TABLE IF EXISTS `users`;

CREATE TABLE `users` (
  `id` int(11) NOT NULL,
  `surname` varchar(50) COLLATE utf8mb4_unicode_ci NOT NULL,
  `name` varchar(50) COLLATE utf8mb4_unicode_ci NOT NULL,
  `patronymic` varchar(50) COLLATE utf8mb4_unicode_ci DEFAULT NULL,
  `gender` varchar(10) COLLATE utf8mb4_unicode_ci NOT NULL,
  `birth` date NOT NULL,
  `grade` int(11) NOT NULL,
  `class` varchar(10) COLLATE utf8mb4_unicode_ci NOT NULL,
  `address` varchar(100) COLLATE utf8mb4_unicode_ci DEFAULT NULL,
  `phone` varchar(100) COLLATE utf8mb4_unicode_ci DEFAULT NULL,
  PRIMARY KEY (`id`)
) ENGINE=InnoDB DEFAULT CHARSET=utf8mb4 COLLATE=utf8mb4_unicode_ci;

/*Data for the table `users` */

insert  into `users`(`id`,`surname`,`name`,`patronymic`,`gender`,`birth`,`grade`,`class`,`address`,`phone`) values 
(1,'Petrov','Alexey','Ivanovich','male','2008-06-15',10,'A',NULL,NULL),
(2,'Зокиров','Бехруз','Гайратчонович','male','2005-04-12',5,'G',NULL,NULL),
(3,'Рахматов','Музаффархон','-','male','2007-12-22',11,'A',NULL,NULL),
(4,'Рустами','Мижгона','-','female','2008-11-01',10,'B',NULL,NULL),
(5,'Volkov','Nikita','Olegovich','male','2009-02-17',9,'A',NULL,NULL),
(6,'Morozova','Irina','Nikolaevna','female','2007-09-29',11,'B',NULL,NULL),
(7,'Fedorov','Egor','Andreevich','male','2008-05-05',10,'C',NULL,NULL),
(8,'Popova','Maria','Dmitrievna','female','2009-07-13',9,'C',NULL,NULL),
(9,'Lebedev','Sergey','Petrovich','male','2007-04-04',11,'C',NULL,NULL),
(10,'Ivanova','Tatiana','Alexandrovna','female','2008-08-25',10,'A',NULL,NULL),
(11,'Иванов','Алексей','Петрович','male','2010-05-12',10,'A',NULL,NULL),
(12,'Сидорова','Мария','Игоревна','female','2010-07-03',10,'A',NULL,NULL),
(13,'Павлов','Дмитрий','Алексеевич','male','2010-09-21',10,'A',NULL,NULL),
(14,'Кузнецова','Анна','Сергеевна','female','2010-11-14',10,'A',NULL,NULL),
(15,'Морозов','Иван','Андреевич','male','2010-02-08',10,'A',NULL,NULL),
(16,'Васильева','Екатерина','Николаевна','female','2010-03-19',10,'A',NULL,NULL),
(17,'Смирнов','Николай','Владимирович','male','2010-04-27',10,'A',NULL,NULL),
(19,'Новиков','Сергей','Петрович','male','2010-06-18',10,'A',NULL,NULL),
(20,'Федорова','Виктория','Сергеевна','female','2010-08-09',10,'A',NULL,NULL),
(21,'Чураева','Фарангис','Парвизчоновна','female','2009-06-01',11,'B',NULL,NULL),
(22,'Чураева','Фарангис','Парвизчоновна','female','2009-06-01',11,'B',NULL,NULL),
(23,'Исмоилов','Наимчон','Неъматович','male','2011-05-13',8,'A',NULL,NULL),
(24,'Разакзаде','Абдухаким','Давронович','male','2010-07-02',9,'A',NULL,NULL),
(25,'Урунов','Фаридун','Чафарович','male','2011-04-27',8,'A',NULL,NULL),
(26,'Усмонов','Ибодулло','Исроилович','male','2010-12-27',9,'B',NULL,NULL),
(27,'Рахмонова','Фарида','Косимчоновна','female','2009-05-23',11,'B',NULL,NULL);

/*Table structure for table `visits` */

DROP TABLE IF EXISTS `visits`;

CREATE TABLE `visits` (
  `visit_id` int(11) NOT NULL,
  `time` datetime DEFAULT NULL,
  `user_id` int(11) DEFAULT NULL,
  `visit` enum('visited','did not visit') COLLATE utf8mb4_unicode_ci DEFAULT NULL,
  PRIMARY KEY (`visit_id`),
  KEY `fk_attendance_user` (`user_id`),
  CONSTRAINT `fk_attendance_user` FOREIGN KEY (`user_id`) REFERENCES `users` (`id`)
) ENGINE=InnoDB DEFAULT CHARSET=utf8mb4 COLLATE=utf8mb4_unicode_ci;

/*Data for the table `visits` */

insert  into `visits`(`visit_id`,`time`,`user_id`,`visit`) values 
(1,'2025-09-01 07:47:33',1,'visited'),
(2,'2025-09-01 07:55:08',2,'visited'),
(3,'2025-09-01 07:51:43',3,'visited'),
(4,'2025-09-01 07:53:12',4,'visited'),
(5,'2025-09-01 07:45:38',5,'visited'),
(6,'2025-09-01 07:50:25',6,'visited'),
(7,'2025-09-01 07:52:49',7,'visited'),
(8,'2025-09-01 07:43:28',8,'visited'),
(9,'2025-09-01 07:49:10',9,'visited'),
(10,'2025-09-01 07:33:05',10,'visited'),
(11,'2025-09-01 07:56:22',11,'visited'),
(12,'2025-09-01 08:07:01',12,'did not visit'),
(13,'2025-09-01 07:47:58',13,'visited'),
(14,'2025-09-01 08:08:05',14,'did not visit'),
(15,'2025-09-01 07:30:44',15,'visited'),
(16,'2025-09-01 07:57:36',16,'visited'),
(17,'2025-09-01 07:44:24',17,'visited'),
(19,'2025-09-01 07:32:55',19,'visited'),
(20,'2025-09-01 08:10:44',20,'did not visit'),
(21,'2025-09-01 08:14:59',21,'did not visit'),
(22,'2025-09-01 07:51:26',22,'visited'),
(23,'2025-09-01 08:02:06',23,'did not visit'),
(24,'2025-09-01 08:09:24',24,'did not visit'),
(25,'2025-09-01 07:42:34',25,'visited'),
(26,'2025-09-01 07:31:14',26,'did not visit'),
(27,'2025-09-01 08:03:45',27,'did not visit'),
(28,'2025-09-02 07:42:11',1,'visited'),
(29,'2025-09-02 08:13:22',2,'did not visit'),
(30,'2025-09-02 07:47:11',3,'visited'),
(31,'2025-09-02 07:32:40',4,'visited'),
(32,'2025-09-02 07:41:40',5,'visited'),
(33,'2025-09-02 07:36:09',6,'visited'),
(34,'2025-09-02 08:05:00',7,'did not visit'),
(35,'2025-09-02 07:53:41',8,'visited'),
(36,'2025-09-02 07:30:26',9,'visited'),
(37,'2025-09-02 08:05:47',10,'did not visit'),
(38,'2025-09-02 08:03:06',11,'did not visit'),
(39,'2025-09-02 07:56:13',12,'visited'),
(40,'2025-09-02 08:03:44',13,'did not visit'),
(41,'2025-09-02 07:40:06',14,'visited'),
(42,'2025-09-02 07:54:03',15,'visited'),
(43,'2025-09-02 07:52:11',16,'visited'),
(44,'2025-09-02 08:09:55',17,'did not visit'),
(46,'2025-09-02 07:59:38',19,'visited'),
(47,'2025-09-02 08:12:46',20,'did not visit'),
(48,'2025-09-02 08:16:12',21,'did not visit'),
(49,'2025-09-02 08:07:58',22,'did not visit'),
(50,'2025-09-02 07:31:05',23,'visited'),
(51,'2025-09-02 08:16:05',24,'did not visit'),
(52,'2025-09-02 07:55:59',25,'visited'),
(53,'2025-09-02 07:32:17',26,'visited'),
(54,'2025-09-02 07:50:46',27,'visited'),
(55,'2025-09-03 07:40:16',1,'visited'),
(56,'2025-09-03 07:34:44',2,'visited'),
(57,'2025-09-03 08:08:49',3,'did not visit'),
(58,'2025-09-03 08:03:37',4,'did not visit'),
(59,'2025-09-03 07:39:55',5,'visited'),
(60,'2025-09-03 07:47:39',6,'visited'),
(61,'2025-09-03 08:03:32',7,'did not visit'),
(62,'2025-09-03 08:07:26',8,'did not visit'),
(63,'2025-09-03 08:09:00',9,'did not visit'),
(64,'2025-09-03 07:34:07',10,'visited'),
(65,'2025-09-03 08:01:13',11,'did not visit'),
(66,'2025-09-03 07:46:38',12,'visited'),
(67,'2025-09-03 07:43:40',13,'visited'),
(68,'2025-09-03 08:03:44',14,'did not visit'),
(69,'2025-09-03 07:37:26',15,'visited'),
(70,'2025-09-03 08:06:29',16,'did not visit'),
(71,'2025-09-03 07:49:25',17,'visited'),
(73,'2025-09-03 07:31:55',19,'visited'),
(74,'2025-09-03 08:05:26',20,'did not visit'),
(75,'2025-09-03 07:36:07',21,'visited'),
(76,'2025-09-03 07:51:04',22,'visited'),
(77,'2025-09-03 07:45:31',23,'visited'),
(78,'2025-09-03 07:39:12',24,'visited'),
(79,'2025-09-03 08:07:13',25,'did not visit'),
(80,'2025-09-03 08:14:57',26,'did not visit'),
(81,'2025-09-03 08:09:04',27,'did not visit'),
(82,'2025-09-04 08:03:11',1,'did not visit'),
(83,'2025-09-04 07:52:51',2,'visited'),
(84,'2025-09-04 07:52:28',3,'visited'),
(85,'2025-09-04 08:05:13',4,'did not visit'),
(86,'2025-09-04 07:51:09',5,'visited'),
(87,'2025-09-04 07:55:58',6,'visited'),
(88,'2025-09-04 07:42:26',7,'visited'),
(89,'2025-09-04 08:19:42',8,'did not visit'),
(90,'2025-09-04 07:33:22',9,'visited'),
(91,'2025-09-04 07:52:09',10,'visited'),
(92,'2025-09-04 08:03:16',11,'did not visit'),
(93,'2025-09-04 07:30:51',12,'visited'),
(94,'2025-09-04 08:19:55',13,'did not visit'),
(95,'2025-09-04 07:39:41',14,'visited'),
(96,'2025-09-04 08:05:41',15,'did not visit'),
(97,'2025-09-04 07:46:01',16,'visited'),
(98,'2025-09-04 07:44:05',17,'visited'),
(100,'2025-09-04 07:38:59',19,'visited'),
(101,'2025-09-04 07:48:51',20,'visited'),
(102,'2025-09-04 07:47:35',21,'visited'),
(103,'2025-09-04 07:41:08',22,'visited'),
(104,'2025-09-04 08:11:51',23,'did not visit'),
(105,'2025-09-04 07:50:31',24,'visited'),
(106,'2025-09-04 08:08:43',25,'did not visit'),
(107,'2025-09-04 08:03:04',26,'did not visit'),
(108,'2025-09-04 08:05:53',27,'did not visit'),
(109,'2025-09-05 08:05:50',1,'did not visit'),
(110,'2025-09-05 08:06:24',2,'did not visit'),
(111,'2025-09-05 07:39:24',3,'visited'),
(112,'2025-09-05 08:03:45',4,'did not visit'),
(113,'2025-09-05 08:08:32',5,'did not visit'),
(114,'2025-09-05 08:03:01',6,'did not visit'),
(115,'2025-09-05 08:01:31',7,'did not visit'),
(116,'2025-09-05 07:49:26',8,'visited'),
(117,'2025-09-05 07:45:57',9,'visited'),
(118,'2025-09-05 07:58:43',10,'visited'),
(119,'2025-09-05 08:07:33',11,'did not visit'),
(120,'2025-09-05 07:44:01',12,'visited'),
(121,'2025-09-05 08:05:52',13,'did not visit'),
(122,'2025-09-05 07:36:41',14,'visited'),
(123,'2025-09-05 08:08:25',15,'did not visit'),
(124,'2025-09-05 08:17:06',16,'did not visit'),
(125,'2025-09-05 07:40:14',17,'visited'),
(127,'2025-09-05 08:12:55',19,'did not visit'),
(128,'2025-09-05 08:08:03',20,'did not visit'),
(129,'2025-09-05 08:30:06',21,'did not visit'),
(130,'2025-09-05 07:34:40',22,'visited'),
(131,'2025-09-05 07:51:42',23,'visited'),
(132,'2025-09-05 08:12:17',24,'did not visit'),
(133,'2025-09-05 08:15:24',25,'did not visit'),
(134,'2025-09-05 07:39:22',26,'did not visit'),
(135,'2025-09-05 07:46:06',27,'visited'),
(136,'2025-09-06 07:40:26',1,'did not visit'),
(137,'2025-09-06 07:54:58',2,'visited'),
(138,'2025-09-06 07:55:48',3,'did not visit'),
(139,'2025-09-06 07:34:21',4,'did not visit'),
(140,'2025-09-06 07:58:08',5,'visited'),
(141,'2025-09-06 07:32:28',6,'did not visit'),
(142,'2025-09-06 07:35:42',7,'visited'),
(143,'2025-09-06 07:53:27',8,'did not visit'),
(144,'2025-09-06 07:32:14',9,'did not visit'),
(145,'2025-09-06 07:48:38',10,'visited'),
(146,'2025-09-06 07:35:41',11,'visited'),
(147,'2025-09-06 07:54:38',12,'visited'),
(148,'2025-09-06 07:48:11',13,'visited'),
(149,'2025-09-06 07:39:11',14,'did not visit'),
(150,'2025-09-06 07:48:10',15,'visited'),
(151,'2025-09-06 07:34:43',16,'visited'),
(152,'2025-09-06 07:48:08',17,'did not visit'),
(154,'2025-09-06 07:41:17',19,'did not visit'),
(155,'2025-09-06 07:32:49',20,'did not visit'),
(156,'2025-09-06 07:59:45',21,'visited'),
(157,'2025-09-06 07:48:04',22,'visited'),
(158,'2025-09-06 07:41:22',23,'did not visit'),
(159,'2025-09-06 07:52:53',24,'did not visit'),
(160,'2025-09-06 07:57:52',25,'did not visit'),
(161,'2025-09-06 07:39:31',26,'visited'),
(162,'2025-09-06 07:39:54',27,'did not visit'),
(163,'2025-09-07 07:52:46',1,'did not visit'),
(164,'2025-09-07 07:59:27',2,'did not visit'),
(165,'2025-09-07 07:47:44',3,'visited'),
(166,'2025-09-07 07:52:39',4,'visited'),
(167,'2025-09-07 07:53:27',5,'did not visit'),
(168,'2025-09-07 07:55:59',6,'did not visit'),
(169,'2025-09-07 07:49:24',7,'did not visit'),
(170,'2025-09-07 07:40:35',8,'visited'),
(171,'2025-09-07 07:30:20',9,'visited'),
(172,'2025-09-07 07:46:04',10,'did not visit'),
(173,'2025-09-07 07:57:06',11,'visited'),
(174,'2025-09-07 07:32:37',12,'did not visit'),
(175,'2025-09-07 07:52:19',13,'visited'),
(176,'2025-09-07 07:34:34',14,'visited'),
(177,'2025-09-07 07:32:36',15,'visited'),
(178,'2025-09-07 07:38:29',16,'did not visit'),
(179,'2025-09-07 07:42:08',17,'visited'),
(181,'2025-09-07 07:58:10',19,'did not visit'),
(182,'2025-09-07 07:40:39',20,'did not visit'),
(183,'2025-09-07 07:33:21',21,'did not visit'),
(184,'2025-09-07 07:57:40',22,'visited'),
(185,'2025-09-07 07:57:13',23,'did not visit'),
(186,'2025-09-07 07:46:31',24,'did not visit'),
(187,'2025-09-07 07:50:37',25,'did not visit'),
(188,'2025-09-07 07:30:31',26,'did not visit'),
(189,'2025-09-07 07:33:41',27,'did not visit'),
(190,'2025-09-08 07:35:14',1,'did not visit'),
(191,'2025-09-08 07:45:10',2,'did not visit'),
(192,'2025-09-08 07:53:18',3,'visited'),
(193,'2025-09-08 07:55:21',4,'did not visit'),
(194,'2025-09-08 07:48:58',5,'visited'),
(195,'2025-09-08 07:48:10',6,'visited'),
(196,'2025-09-08 07:39:32',7,'visited'),
(197,'2025-09-08 07:41:22',8,'did not visit'),
(198,'2025-09-08 07:34:22',9,'visited'),
(199,'2025-09-08 07:38:23',10,'did not visit'),
(200,'2025-09-08 07:41:59',11,'visited'),
(201,'2025-09-08 07:57:28',12,'visited'),
(202,'2025-09-08 07:38:58',13,'visited'),
(203,'2025-09-08 07:44:41',14,'visited'),
(204,'2025-09-08 07:40:31',15,'did not visit'),
(205,'2025-09-08 07:57:01',16,'did not visit'),
(206,'2025-09-08 07:46:53',17,'visited'),
(208,'2025-09-08 07:58:05',19,'visited'),
(209,'2025-09-08 07:41:10',20,'visited'),
(210,'2025-09-08 07:45:17',21,'visited'),
(211,'2025-09-08 07:33:18',22,'visited'),
(212,'2025-09-08 07:42:01',23,'did not visit'),
(213,'2025-09-08 07:34:03',24,'did not visit'),
(214,'2025-09-08 07:59:58',25,'did not visit'),
(215,'2025-09-08 07:55:59',26,'did not visit'),
(216,'2025-09-08 07:48:22',27,'visited'),
(217,'2025-09-09 07:41:29',1,'did not visit'),
(218,'2025-09-09 07:46:20',2,'visited'),
(219,'2025-09-09 07:36:32',3,'did not visit'),
(220,'2025-09-09 07:36:54',4,'visited'),
(221,'2025-09-09 07:39:01',5,'visited'),
(222,'2025-09-09 07:31:23',6,'did not visit'),
(223,'2025-09-09 07:57:08',7,'did not visit'),
(224,'2025-09-09 07:38:43',8,'did not visit'),
(225,'2025-09-09 07:38:01',9,'visited'),
(226,'2025-09-09 07:57:22',10,'did not visit'),
(227,'2025-09-09 07:32:29',11,'visited'),
(228,'2025-09-09 07:51:09',12,'did not visit'),
(229,'2025-09-09 07:56:08',13,'did not visit'),
(230,'2025-09-09 07:40:52',14,'did not visit'),
(231,'2025-09-09 07:32:48',15,'did not visit'),
(232,'2025-09-09 07:53:31',16,'visited'),
(233,'2025-09-09 07:55:00',17,'did not visit'),
(235,'2025-09-09 07:55:26',19,'visited'),
(236,'2025-09-09 07:49:58',20,'visited'),
(237,'2025-09-09 07:39:11',21,'did not visit'),
(238,'2025-09-09 07:47:28',22,'did not visit'),
(239,'2025-09-09 07:44:52',23,'visited'),
(240,'2025-09-09 07:58:35',24,'visited'),
(241,'2025-09-09 07:46:41',25,'did not visit'),
(242,'2025-09-09 07:54:47',26,'did not visit'),
(243,'2025-09-09 07:35:06',27,'visited'),
(244,'2025-09-10 07:40:57',1,'visited'),
(245,'2025-09-10 07:53:06',2,'visited'),
(246,'2025-09-10 07:32:27',3,'visited'),
(247,'2025-09-10 07:32:50',4,'visited'),
(248,'2025-09-10 07:44:24',5,'did not visit'),
(249,'2025-09-10 07:32:39',6,'did not visit'),
(250,'2025-09-10 07:54:47',7,'visited'),
(251,'2025-09-10 07:58:11',8,'visited'),
(252,'2025-09-10 07:42:08',9,'visited'),
(253,'2025-09-10 07:56:03',10,'visited'),
(254,'2025-09-10 07:38:51',11,'visited'),
(255,'2025-09-10 07:53:39',12,'did not visit'),
(256,'2025-09-10 07:43:53',13,'did not visit'),
(257,'2025-09-10 07:45:53',14,'visited'),
(258,'2025-09-10 07:54:19',15,'did not visit'),
(259,'2025-09-10 07:58:47',16,'did not visit'),
(260,'2025-09-10 07:55:58',17,'visited'),
(262,'2025-09-10 07:43:49',19,'visited'),
(263,'2025-09-10 07:50:57',20,'visited'),
(264,'2025-09-10 07:52:33',21,'did not visit'),
(265,'2025-09-10 07:59:17',22,'visited'),
(266,'2025-09-10 07:30:44',23,'did not visit'),
(267,'2025-09-10 07:54:07',24,'did not visit'),
(268,'2025-09-10 07:57:07',25,'visited'),
(269,'2025-09-10 07:31:10',26,'visited'),
(270,'2025-09-10 07:56:44',27,'did not visit'),
(271,'2025-09-11 07:42:05',1,'did not visit'),
(272,'2025-09-11 07:47:59',2,'did not visit'),
(273,'2025-09-11 07:40:04',3,'visited'),
(274,'2025-09-11 07:58:54',4,'did not visit'),
(275,'2025-09-11 07:36:37',5,'did not visit'),
(276,'2025-09-11 07:45:42',6,'did not visit'),
(277,'2025-09-11 07:43:26',7,'did not visit'),
(278,'2025-09-11 07:48:06',8,'visited'),
(279,'2025-09-11 07:59:37',9,'did not visit'),
(280,'2025-09-11 07:30:08',10,'visited'),
(281,'2025-09-11 07:42:55',11,'did not visit'),
(282,'2025-09-11 07:45:55',12,'did not visit'),
(283,'2025-09-11 07:50:15',13,'did not visit'),
(284,'2025-09-11 07:47:38',14,'did not visit'),
(285,'2025-09-11 07:55:11',15,'did not visit'),
(286,'2025-09-11 07:57:10',16,'did not visit'),
(287,'2025-09-11 07:40:49',17,'did not visit'),
(289,'2025-09-11 07:59:40',19,'did not visit'),
(290,'2025-09-11 07:57:41',20,'did not visit'),
(291,'2025-09-11 07:51:25',21,'did not visit'),
(292,'2025-09-11 07:31:55',22,'visited'),
(293,'2025-09-11 07:31:54',23,'did not visit'),
(294,'2025-09-11 07:48:26',24,'did not visit'),
(295,'2025-09-11 07:48:54',25,'visited'),
(296,'2025-09-11 07:53:35',26,'did not visit'),
(297,'2025-09-11 07:39:26',27,'did not visit'),
(298,'2025-09-12 07:52:37',1,'did not visit'),
(299,'2025-09-12 07:59:00',2,'did not visit'),
(300,'2025-09-12 07:56:48',3,'visited'),
(301,'2025-09-12 07:42:18',4,'visited'),
(302,'2025-09-12 08:27:46',5,'did not visit'),
(303,'2025-09-12 08:16:02',6,'did not visit'),
(304,'2025-09-12 08:13:12',7,'did not visit'),
(305,'2025-09-12 07:49:36',8,'visited'),
(306,'2025-09-12 08:02:08',9,'did not visit'),
(307,'2025-09-12 08:19:28',10,'did not visit'),
(308,'2025-09-12 08:06:59',11,'did not visit'),
(309,'2025-09-12 07:44:59',12,'visited'),
(310,'2025-09-12 08:05:35',13,'did not visit'),
(311,'2025-09-12 07:56:09',14,'visited'),
(312,'2025-09-12 08:07:09',15,'did not visit'),
(313,'2025-09-12 08:01:50',16,'did not visit'),
(314,'2025-09-12 07:49:38',17,'visited'),
(316,'2025-09-12 08:04:13',19,'did not visit'),
(317,'2025-09-12 07:37:47',20,'visited'),
(318,'2025-09-12 07:32:05',21,'visited'),
(319,'2025-09-12 07:52:48',22,'visited'),
(320,'2025-09-12 08:01:10',23,'did not visit'),
(321,'2025-09-12 07:41:41',24,'visited'),
(322,'2025-09-12 07:58:12',25,'visited'),
(323,'2025-09-12 08:07:55',26,'did not visit'),
(324,'2025-09-12 07:59:06',27,'visited'),
(325,'2025-09-13 08:04:27',1,'did not visit'),
(326,'2025-09-13 07:53:02',2,'visited'),
(327,'2025-09-13 07:32:11',3,'visited'),
(328,'2025-09-13 08:11:08',4,'did not visit'),
(329,'2025-09-13 07:39:45',5,'visited'),
(330,'2025-09-13 07:47:25',6,'visited'),
(331,'2025-09-13 07:50:03',7,'visited'),
(332,'2025-09-13 07:51:16',8,'visited'),
(333,'2025-09-13 07:50:11',9,'visited'),
(334,'2025-09-13 08:19:33',10,'did not visit'),
(335,'2025-09-13 08:07:04',11,'did not visit'),
(336,'2025-09-13 08:15:50',12,'did not visit'),
(337,'2025-09-13 08:14:23',13,'did not visit'),
(338,'2025-09-13 08:08:28',14,'did not visit'),
(339,'2025-09-13 08:30:26',15,'did not visit'),
(340,'2025-09-13 07:46:02',16,'visited'),
(341,'2025-09-13 08:17:17',17,'did not visit'),
(343,'2025-09-13 07:51:23',19,'visited'),
(344,'2025-09-13 07:59:52',20,'visited'),
(345,'2025-09-13 07:55:05',21,'visited'),
(346,'2025-09-13 07:39:50',22,'visited'),
(347,'2025-09-13 07:44:38',23,'visited'),
(348,'2025-09-13 07:54:29',24,'visited'),
(349,'2025-09-13 08:04:47',25,'did not visit'),
(350,'2025-09-13 07:48:52',26,'visited'),
(351,'2025-09-13 08:04:02',27,'did not visit'),
(352,'2025-09-14 08:07:41',1,'did not visit'),
(353,'2025-09-14 08:11:49',2,'did not visit'),
(354,'2025-09-14 07:32:07',3,'visited'),
(355,'2025-09-14 08:13:11',4,'did not visit'),
(356,'2025-09-14 08:16:37',5,'did not visit'),
(357,'2025-09-14 08:11:53',6,'did not visit'),
(358,'2025-09-14 07:43:29',7,'visited'),
(359,'2025-09-14 07:30:50',8,'visited'),
(360,'2025-09-14 07:38:59',9,'visited'),
(361,'2025-09-14 07:48:39',10,'visited'),
(362,'2025-09-14 07:36:55',11,'visited'),
(363,'2025-09-14 07:48:36',12,'visited'),
(364,'2025-09-14 07:59:20',13,'visited'),
(365,'2025-09-14 07:40:27',14,'visited'),
(366,'2025-09-14 07:40:02',15,'visited'),
(367,'2025-09-14 08:05:11',16,'did not visit'),
(368,'2025-09-14 08:04:33',17,'did not visit'),
(370,'2025-09-14 07:50:06',19,'visited'),
(371,'2025-09-14 07:42:20',20,'visited'),
(372,'2025-09-14 08:01:40',21,'did not visit'),
(373,'2025-09-14 07:41:34',22,'visited'),
(374,'2025-09-14 07:51:54',23,'visited'),
(375,'2025-09-14 08:10:13',24,'did not visit'),
(376,'2025-09-14 07:36:30',25,'visited'),
(377,'2025-09-14 07:52:59',26,'visited'),
(378,'2025-09-14 08:02:28',27,'did not visit'),
(379,'2025-09-15 07:39:29',1,'visited'),
(380,'2025-09-15 07:43:54',2,'visited'),
(381,'2025-09-15 08:11:44',3,'did not visit'),
(382,'2025-09-15 07:57:04',4,'visited'),
(383,'2025-09-15 07:30:29',5,'visited'),
(384,'2025-09-15 08:15:19',6,'did not visit'),
(385,'2025-09-15 07:41:17',7,'visited'),
(386,'2025-09-15 08:05:06',8,'did not visit'),
(387,'2025-09-15 08:21:39',9,'did not visit'),
(388,'2025-09-15 08:07:52',10,'did not visit'),
(389,'2025-09-15 08:17:39',11,'did not visit'),
(390,'2025-09-15 07:58:36',12,'visited'),
(391,'2025-09-15 08:30:48',13,'did not visit'),
(392,'2025-09-15 07:34:59',14,'visited'),
(393,'2025-09-15 08:19:48',15,'did not visit'),
(394,'2025-09-15 07:50:29',16,'visited'),
(395,'2025-09-15 07:40:50',17,'visited'),
(397,'2025-09-15 07:31:09',19,'visited'),
(398,'2025-09-15 08:11:18',20,'did not visit'),
(399,'2025-09-15 07:48:50',21,'visited'),
(400,'2025-09-15 08:03:51',22,'did not visit'),
(401,'2025-09-15 08:15:08',23,'did not visit'),
(402,'2025-09-15 07:41:43',24,'visited'),
(403,'2025-09-15 08:30:34',25,'did not visit'),
(404,'2025-09-15 07:41:36',26,'did not visit'),
(405,'2025-09-15 07:30:08',27,'visited');

/*!40101 SET SQL_MODE=@OLD_SQL_MODE */;
/*!40014 SET FOREIGN_KEY_CHECKS=@OLD_FOREIGN_KEY_CHECKS */;
/*!40014 SET UNIQUE_CHECKS=@OLD_UNIQUE_CHECKS */;
/*!40111 SET SQL_NOTES=@OLD_SQL_NOTES */;
